Ἀαρών	명사	남성 단수 속격	luke 1:5
αββα	명사	남성 단수 호격	mark 14:36
Ἀβιαθάρ	명사	남성 단수 속격	mark 2:26
ἄβυσσος	명사	여성 단수 대격	luke 8:31
ἀγγεῖον	명사	중성 복수 여격	matthew 25:4
ἀγγέλλω	동사	현재 능동 분사 여성 단수 주격	john 20:18
ἄγγος	명사	중성 복수 대격	matthew 13:48
ἀγκάλη	명사	여성 복수 대격	luke 2:28
ἄγκιστρον	명사	중성 단수 대격	matthew 17:27
ἁγνίζω	동사	3인칭 복수 부정과거 능동 가정법	john 11:55
ἀγραυλέω	동사	현재 능동 분사 남성 복수 주격	luke 2:8
ἀγρεύω	동사	3인칭 복수 부정과거 능동 가정법	mark 12:13
ἀγωνία	명사	여성 단수 여격	luke 22:44
Ἀδάμ	명사	남성 단수 속격	luke 3:38
Ἀδδί	명사	남성 단수 속격	luke 3:28
ἄδηλος	형용사	중성 복수 주격	luke 11:44
Ἀδμίν	명사	남성 단수 속격	luke 3:33
ἀθροίζω	동사	완료 수동 분사 남성 복수 대격	luke 24:33
αἱμορροέω	동사	현재 능동 분사 여성 단수 주격	matthew 9:20
Αἰνών	명사	여성 단수 여격	john 3:23
αἱρετίζω	동사	1인칭 단수 부정과거 능동 직설법	matthew 12:18
αἰσθάνομαι	동사	3인칭 복수 부정과거 중간 가정법	luke 9:45
αἰσχύνη	명사	여성 단수 속격	luke 14:9
αἰσχύνομαι	동사	1인칭 단수 현재 중간 직설법	luke 16:3
αἴτημα	명사	중성 단수 대격	luke 23:24
αἰφνίδιος	형용사	여성 단수 주격	luke 21:34
αἰχμαλωτίζω	동사	3인칭 복수 미래 수동 직설법	luke 21:24
αἰχμάλωτος	명사	남성 복수 여격	luke 4:18
ἀκαθαρσία	명사	여성 단수 속격	matthew 23:27
ἀκαταστασία	명사	여성 복수 대격	luke 21:9
ἀκέραιος	형용사	남성 복수 주격	matthew 10:16
ἀκμήν	부사		matthew 15:16
ἀκρασία	명사	여성 단수 속격	matthew 23:25
ἅλα	명사	중성 단수 대격	mark 9:50
ἀλαλάζω	동사	현재 능동 분사 남성 복수 대격	mark 5:38
ἀλεκτοροφωνία	명사	여성 단수 속격	mark 13:35
ἀλλαχόθεν	부사		john 10:1
ἀλλαχοῦ	부사		mark 1:38
ἀλλογενής	형용사	남성 단수 주격	luke 17:18
ἅλλομαι	동사	현재 중간 분사 중성 단수 속격	john 4:14
ἀλόη	명사	여성 단수 속격	john 19:39
ἀμελέω	동사	부정과거 능동 분사 남성 복수 주격	matthew 22:5
ἄμεμπτος	형용사	남성 복수 주격	luke 1:6
ἀμέριμνος	형용사	남성 복수 대격	matthew 28:14
ἄμμος	명사	여성 단수 대격	matthew 7:26
ἀμπελουργός	명사	남성 단수 대격	luke 13:7
ἀμφιάζω	동사	3인칭 단수 현재 능동 직설법	luke 12:28
ἀμφιβάλλω	동사	현재 능동 분사 남성 복수 대격	mark 1:16
ἄμφοδον	명사	중성 단수 속격	mark 11:4
ἀναβιβάζω	동사	부정과거 능동 분사 남성 복수 주격	matthew 13:48
ἀνάβλεψις	명사	여성 단수 대격	luke 4:18
ἀναβοάω	동사	3인칭 단수 부정과거 능동 직설법	matthew 27:46
ἀναδείκνυμι	동사	3인칭 단수 부정과거 능동 직설법	luke 10:1
ἀνάδειξις	명사	여성 단수 속격	luke 1:80
ἀναζάω	동사	3인칭 단수 부정과거 능동 직설법	luke 15:24
ἀνάθεμα	명사	중성 복수 여격	luke 21:5
ἀναθεματίζω	동사	현재 능동 부정사	mark 14:71
ἀναίδεια	명사	여성 단수 대격	luke 11:8
ἀνακαθίζω	동사	3인칭 단수 부정과거 능동 직설법	luke 7:15
ἀνακρίνω	동사	부정과거 능동 분사 남성 단수 주격	luke 23:14
ἀνάλημψις	명사	여성 단수 속격	luke 9:51
ἀναλίσκω	동사	부정과거 능동 부정사	luke 9:54
ἄναλος	형용사	중성 단수 주격	mark 9:50
ἀναλύω	동사	3인칭 단수 부정과거 능동 가정법	luke 12:36
ἀνάμνησις	명사	여성 단수 대격	luke 22:19
ἀναπηδάω	동사	부정과거 능동 분사 남성 단수 주격	mark 10:50
ἀναπληρόω	동사	3인칭 단수 현재 수동 직설법	matthew 13:14
ἀναπτύσσω	동사	부정과거 능동 분사 남성 단수 주격	luke 4:17
ἀνάπτω	동사	3인칭 단수 부정과거 수동 직설법	luke 12:49
ἀνασπάω	동사	3인칭 단수 미래 능동 직설법	luke 14:5
ἀναστενάζω	동사	부정과거 능동 분사 남성 단수 주격	mark 8:12
ἀναστρέφω	동사	3인칭 단수 부정과거 능동 직설법	john 2:15
ἀνατάσσομαι	동사	부정과거 중간 부정사	luke 1:1
ἀναφαίνω	동사	현재 수동 부정사	luke 19:11
ἀναφωνέω	동사	3인칭 단수 부정과거 능동 직설법	luke 1:42
ἀνέκλειπτος	형용사	남성 단수 대격	luke 12:33
ἀνένδεκτος	형용사	중성 단수 주격	luke 17:1
ἄνευ	전치사		matthew 10:29
ἀνευρίσκω	동사	3인칭 복수 부정과거 능동 직설법	luke 2:16
ἄνηθον	명사	중성 단수 대격	matthew 23:23
ἀνθομολογέομαι	동사	3인칭 단수 미완료 중간 직설법	luke 2:38
ἀνθρωποκτόνος	명사	남성 단수 주격	john 8:44
ἀνόητος	형용사	남성 복수 호격	luke 24:25
ἄνοια	명사	여성 단수 속격	luke 6:11
ἄνομος	형용사	남성 복수 속격	luke 22:37
ἀνορθόω	동사	3인칭 단수 부정과거 수동 직설법	luke 13:13
ἀνταπόδομα	명사	중성 단수 주격	luke 14:12
ἀντιβάλλω	동사	2인칭 복수 현재 능동 직설법	luke 24:17
ἀντικαλέω	동사	3인칭 복수 부정과거 능동 가정법	luke 14:12
ἀντιμετρέω	동사	3인칭 단수 미래 수동 직설법	luke 6:38
ἀντιπέρα	전치사		luke 8:26
ἀνώτερον	형용사	중성 단수 대격 비교급	luke 14:10
ἀξιόω	동사	1인칭 단수 부정과거 능동 직설법	luke 7:7
ἀπάγχομαι	동사	3인칭 단수 부정과거 중간 직설법	matthew 27:5
ἀπαλλάσσω	동사	완료 수동 부정사	luke 12:58
ἀπάντησις	명사	여성 단수 대격	matthew 25:6
ἀπαρτισμός	명사	남성 단수 대격	luke 14:28
ἀπειθέω	동사	현재 능동 분사 남성 단수 주격	john 3:36
ἀπειθής	형용사	남성 복수 대격	luke 1:17
ἀπελπίζω	동사	현재 능동 분사 남성 복수 주격	luke 6:35
ἀποβάλλω	동사	부정과거 능동 분사 남성 단수 주격	mark 10:50
ἀπογραφή	명사	여성 단수 주격	luke 2:2
ἀπόδημος	형용사	남성 단수 주격	mark 13:34
ἀποθλίβω	동사	3인칭 복수 현재 능동 직설법	luke 8:45
ἀποκάλυψις	명사	여성 단수 대격	luke 2:32
ἀπόκειμαι	동사	현재 중간 분사 여성 단수 대격	luke 19:20
ἀποκλείω	동사	3인칭 단수 부정과거 능동 가정법	luke 13:25
ἀποκρύπτω	동사	2인칭 단수 부정과거 능동 직설법	luke 10:21
ἀπολύτρωσις	명사	여성 단수 주격	luke 21:28
ἀπομάσσομαι	동사	1인칭 복수 현재 중간 직설법	luke 10:11
ἀπονίπτω	동사	3인칭 단수 부정과거 중간 직설법	matthew 27:24
ἀποπλανάω	동사	현재 능동 부정사	mark 13:22
ἀπορία	명사	여성 단수 여격	luke 21:25
ἀποστεγάζω	동사	3인칭 복수 부정과거 능동 직설법	mark 2:4
ἀποστερέω	동사	2인칭 단수 부정과거 능동 가정법	mark 10:19
ἀποστοματίζω	동사	현재 능동 부정사	luke 11:53
ἀποτελέω	동사	1인칭 단수 현재 능동 직설법	luke 13:32
ἀποτίθημι	동사	3인칭 단수 부정과거 중간 직설법	matthew 14:3
ἀποτινάσσω	동사	2인칭 복수 현재 능동	luke 9:5
ἀποψύχω	동사	현재 능동 분사 남성 복수 속격	luke 21:26
ἄραφος	형용사	남성 단수 주격	john 19:23
ἄργυρος	명사	남성 단수 대격	matthew 10:9
ἀρεστός	형용사	중성 복수 대격	john 8:29
ἀρήν	명사	남성 복수 대격	luke 10:3
Ἀρνί	명사	남성 단수 속격	luke 3:33
ἀροτριάω	동사	현재 능동 분사 남성 단수 대격	luke 17:7
ἄροτρον	명사	중성 단수 대격	luke 9:62
Ἀρφαξάδ	명사	남성 단수 속격	luke 3:36
Ἀρχέλαος	명사	남성 단수 주격	matthew 2:22
ἀρχιτελώνης	명사	남성 단수 주격	luke 19:2
ἀσέλγεια	명사	여성 단수 주격	mark 7:22
Ἀσήρ	명사	남성 단수 속격	luke 2:36
ἄστρον	명사	중성 복수 여격	luke 21:25
ἀσφάλεια	명사	여성 단수 대격	luke 1:4
ἀσφαλῶς	부사		mark 14:44
ἀσώτως	부사		luke 15:13
ἄτοπος	형용사	중성 단수 대격	luke 23:41
Αὐγοῦστος	명사	남성 단수 속격	luke 2:1
αὐλητής	명사	남성 복수 대격	matthew 9:23
αὐτόματος	형용사	여성 단수 주격	mark 4:28
αὐτόπτης	명사	남성 복수 주격	luke 1:2
ἄφαντος	형용사	남성 단수 주격	luke 24:31
ἄφθαρτος	형용사	중성 단수 대격	mark 16:8
ἀφόβως	부사		luke 1:74
ἀφρός	명사	남성 단수 속격	luke 9:39
ἀφροσύνη	명사	여성 단수 주격	mark 7:22
ἀχάριστος	형용사	남성 복수 대격	luke 6:35
ἀχειροποίητος	형용사	남성 단수 대격	mark 14:58
βαθύνω	동사	3인칭 단수 부정과거 능동 직설법	luke 6:48
βάϊον	명사	중성 복수 대격	john 12:13
βαπτισμός	명사	남성 복수 대격	mark 7:4
Βαραχίας	명사	남성 단수 속격	matthew 23:35
βαρέως	부사		matthew 13:15
Βαριωνᾶ	명사	남성 단수 호격	matthew 16:17
βάρος	명사	중성 단수 대격	matthew 20:12
βαρύτιμος	형용사	중성 단수 속격	matthew 26:7
βασανιστής	명사	남성 복수 여격	matthew 18:34
βασίλειον	형용사	중성 복수 여격	luke 7:25
βατταλογέω	동사	2인칭 복수 부정과거 능동 가정법	matthew 6:7
βεβαιόω	동사	현재 능동 분사 남성 단수 속격	mark 16:20
βεβηλόω	동사	3인칭 복수 현재 능동 직설법	matthew 12:5
βελόνη	명사	여성 단수 속격	luke 18:25
βιαστής	명사	남성 복수 주격	matthew 11:12
βιβρώσκω	동사	완료 능동 분사 남성 복수 여격	john 6:13
βιωτικός	형용사	여성 복수 여격	luke 21:34
βλητέος	형용사	중성 단수 주격	luke 5:38
βολή	명사	여성 단수 대격	luke 22:41
Βόος	명사	남성 단수 속격	luke 3:32
βορρᾶς	명사	남성 단수 속격	luke 13:29
βραδύς	형용사	남성 복수 호격	luke 24:25
βρώσιμος	형용사	중성 단수 대격	luke 24:41
βυθίζω	동사	현재 수동 부정사	luke 5:7
βύσσος	명사	여성 단수 대격	luke 16:19
Γαδαρηνός	형용사	남성 복수 속격	matthew 8:28
γαμίσκω	동사	3인칭 복수 현재 수동 직설법	luke 20:34
γενετή	명사	여성 단수 속격	john 9:1
γέρων	명사	남성 단수 주격	john 3:4
γῆρας	명사	중성 단수 여격	luke 1:36
γηράσκω	동사	2인칭 단수 부정과거 능동 가정법	john 21:18
γναφεύς	명사	남성 단수 주격	mark 9:3
γογγυσμός	명사	남성 단수 주격	john 7:12
δαίμων	명사	남성 복수 주격	matthew 8:31
δακρύω	동사	3인칭 단수 부정과거 능동 직설법	john 11:35
δακτύλιος	명사	남성 단수 대격	luke 15:22
δαμάζω	동사	부정과거 능동 부정사	mark 5:4
δάνειον	명사	중성 단수 대격	matthew 18:27
δανιστής	명사	남성 단수 여격	luke 7:41
δαπάνη	명사	여성 단수 대격	luke 14:28
δειλιάω	동사	3인칭 단수 현재 능동	john 14:27
δεῖνα	명사	남성 단수 대격	matthew 26:18
δεκαπέντε	형용사	남성 복수 속격	john 11:18
δέκατος	형용사	여성 단수 주격	john 1:39
δέσμη	명사	여성 복수 대격	matthew 13:30
δεσμόν	명사	중성 복수 대격	luke 8:29
δεσμωτήριον	명사	중성 단수 여격	matthew 11:2
δεσπότης	명사	남성 단수 호격	luke 2:29
δῆλος	형용사	남성 단수 대격	matthew 26:73
διαβαίνω	동사	부정과거 능동 부정사	luke 16:26
διαβάλλω	동사	3인칭 단수 부정과거 수동 직설법	luke 16:1
διαγίνομαι	동사	부정과거 중간 분사 중성 단수 속격	mark 16:1
διαγρηγορέω	동사	부정과거 능동 분사 남성 복수 주격	luke 9:32
διαιρέω	동사	3인칭 단수 부정과거 능동 직설법	luke 15:12
διακαθαίρω	동사	부정과거 능동 부정사	luke 3:17
διακαθαρίζω	동사	3인칭 단수 미래 능동 직설법	matthew 3:12
διακονία	명사	여성 단수 대격	luke 10:40
διακωλύω	동사	3인칭 단수 미완료 능동 직설법	matthew 3:14
διαλέγομαι	동사	3인칭 복수 부정과거 수동 직설법	mark 9:34
διαλείπω	동사	3인칭 단수 부정과거 능동 직설법	luke 7:45
διαλλάσσομαι	동사	2인칭 단수 부정과거 수동	matthew 5:24
διαμαρτύρομαι	동사	3인칭 단수 현재 중간 가정법	luke 16:28
διαμερισμός	명사	남성 단수 대격	luke 12:51
διανεύω	동사	현재 능동 분사 남성 단수 주격	luke 1:22
διανόημα	명사	중성 복수 대격	luke 11:17
διαπορέω	동사	3인칭 단수 미완료 능동 직설법	luke 9:7
διαπραγματεύομαι	동사	3인칭 복수 부정과거 중간 직설법	luke 19:15
διασείω	동사	2인칭 복수 부정과거 능동 가정법	luke 3:14
διασπάω	동사	완료 수동 부정사	mark 5:4
διασπορά	명사	여성 단수 대격	john 7:35
διαταράσσω	동사	3인칭 단수 부정과거 수동 직설법	luke 1:29
διατηρέω	동사	3인칭 단수 미완료 능동 직설법	luke 2:51
διατρίβω	동사	3인칭 단수 미완료 능동 직설법	john 3:22
διαφθείρω	동사	3인칭 단수 현재 능동 직설법	luke 12:33
διαφυλάσσω	동사	부정과거 능동 부정사	luke 4:10
διαχωρίζομαι	동사	현재 수동 부정사	luke 9:33
διδακτός	형용사	남성 복수 주격	john 6:45
διέξοδος	명사	여성 복수 대격	matthew 22:9
διερμηνεύω	동사	3인칭 단수 부정과거 능동 직설법	luke 24:27
διετής	형용사	남성 단수 속격	matthew 2:16
διήγησις	명사	여성 단수 대격	luke 1:1
διϊσχυρίζομαι	동사	3인칭 단수 미완료 중간 직설법	luke 22:59
δικαίωμα	명사	중성 복수 여격	luke 1:6
δικαίως	부사		luke 23:41
διπλοῦς	형용사	남성 단수 대격 비교급	matthew 23:15
δισχίλιοι	형용사	남성 복수 주격	mark 5:13
διϋλίζω	동사	현재 능동 분사 남성 복수 주격	matthew 23:24
διχάζω	동사	부정과거 능동 부정사	matthew 10:35
δόγμα	명사	중성 단수 주격	luke 2:1
δρέπανον	명사	중성 단수 대격	mark 4:29
δυνάστης	명사	남성 복수 대격	luke 1:52
δυσβάστακτος	형용사	중성 복수 대격	luke 11:46
δύσις	명사	여성 단수 속격	mark 16:8
δύσκολος	형용사	중성 단수 주격	mark 10:24
δωρεά	명사	여성 단수 대격	john 4:10
δωρέομαι	동사	3인칭 단수 부정과거 중간 직설법	mark 15:45
ἔα	소사		luke 4:34
ἑβδομηκοντάκις	부사		matthew 18:22
ἕβδομος	형용사	여성 단수 대격	john 4:52
Ἔβερ	명사	남성 단수 속격	luke 3:35
ἐγγράφω	동사	3인칭 단수 완료 수동 직설법	luke 10:20
ἔγερσις	명사	여성 단수 대격	matthew 27:53
ἐγκάθετος	형용사	남성 복수 대격	luke 20:20
ἐγκαίνια	명사	중성 복수 주격	john 10:22
ἐγκακέω	동사	현재 능동 부정사	luke 18:1
ἐγκρύπτω	동사	3인칭 단수 부정과거 능동 직설법	matthew 13:33
ἔγκυος	형용사	여성 단수 여격	luke 2:5
ἐδαφίζω	동사	3인칭 복수 미래 능동 직설법	luke 19:44
ἐθίζω	동사	완료 수동 분사 중성 단수 대격	luke 2:27
εἰδέα	명사	여성 단수 주격	matthew 28:3
εἵνεκεν	전치사		luke 4:18
εἰρηνεύω	동사	2인칭 복수 현재 능동	mark 9:50
εἰρηνοποιός	형용사	남성 복수 주격	matthew 5:9
ἐκθαυμάζω	동사	3인칭 복수 미완료 능동 직설법	mark 12:17
ἐκκεντέω	동사	3인칭 복수 부정과거 능동 직설법	john 19:37
ἐκκομίζω	동사	3인칭 단수 미완료 수동 직설법	luke 7:12
ἐκκρέμαμαι	동사	3인칭 단수 부정과거 중간 직설법	luke 19:48
ἐκλάμπω	동사	3인칭 복수 미래 능동 직설법	matthew 13:43
ἐκνεύω	동사	3인칭 단수 부정과거 능동 직설법	john 5:13
ἐκπερισσῶς	부사		mark 14:31
ἐκτενέστερον	형용사	중성 단수 대격 비교급	luke 22:44
ἐκφεύγω	동사	부정과거 능동 부정사	luke 21:36
ἔκφοβος	형용사	남성 복수 주격	mark 9:6
ἐκχωρέω	동사	3인칭 복수 현재 능동	luke 21:21
ἐλάσσων	형용사	남성 단수 대격 비교급	john 2:10
ἐλαττόω	동사	현재 중간 부정사	john 3:30
ἐλαφρός	형용사	중성 단수 주격	matthew 11:30
ἐλεήμων	형용사	남성 복수 주격	matthew 5:7
Ἐλιέζερ	명사	남성 단수 속격	luke 3:29
Ἐλισαῖος	명사	남성 단수 속격	luke 4:27
ἑλκόομαι	동사	완료 수동 분사 남성 단수 주격	luke 16:20
ἕλκος	명사	중성 복수 대격	luke 16:21
Ἑλληνίς	명사	여성 단수 주격	mark 7:26
Ἑλληνιστί	부사		john 19:20
Ἐλμαδάμ	명사	남성 단수 속격	luke 3:28
ἐμβάλλω	동사	부정과거 능동 부정사	luke 12:5
ἐμπίμπρημι	동사	3인칭 단수 부정과거 능동 직설법	matthew 22:7
ἐμπορία	명사	여성 단수 대격	matthew 22:5
ἐμπόριον	명사	중성 단수 속격	john 2:16
ἔμπορος	명사	남성 단수 여격	matthew 13:45
ἐμφυσάω	동사	3인칭 단수 부정과거 능동 직설법	john 20:22
ἔναντι	전치사		luke 1:8
ἐνδέχεται	동사	3인칭 단수 현재 중간 직설법	luke 13:33
ἐνεδρεύω	동사	현재 능동 분사 남성 복수 주격	luke 11:54
ἐνειλέω	동사	3인칭 단수 부정과거 능동 직설법	mark 15:46
ἔνειμι	동사	현재 능동 분사 중성 복수 대격	luke 11:41
ἐνισχύω	동사	현재 능동 분사 남성 단수 주격	luke 22:43
ἐννεύω	동사	3인칭 복수 미완료 능동 직설법	luke 1:62
ἔννυχα	형용사	중성 복수 대격	mark 1:35
ἐνοχλέω	동사	현재 수동 분사 남성 복수 주격	luke 6:18
Ἐνώς	명사	남성 단수 속격	luke 3:38
Ἑνώχ	명사	남성 단수 속격	luke 3:37
ἐξαιτέομαι	동사	3인칭 단수 부정과거 중간 직설법	luke 22:31
ἐξάπινα	부사		mark 9:8
ἐξαστράπτω	동사	현재 능동 분사 남성 단수 주격	luke 9:29
ἐξαυτῆς	부사		mark 6:25
ἔξοδος	명사	여성 단수 대격	luke 9:31
ἐξορκίζω	동사	1인칭 단수 현재 능동 직설법	matthew 26:63
ἐξορύσσω	동사	부정과거 능동 분사 남성 복수 주격	mark 2:4
ἐξουδενέω	동사	3인칭 단수 부정과거 수동 가정법	mark 9:12
ἐξουσιάζω	동사	현재 능동 분사 남성 복수 주격	luke 22:25
ἐξυπνίζω	동사	1인칭 단수 부정과거 능동 가정법	john 11:11
ἐπαγγελία	명사	여성 단수 대격	luke 24:49
ἐπαθροίζομαι	동사	현재 수동 분사 남성 복수 속격	luke 11:29
ἐπαινέω	동사	3인칭 단수 부정과거 능동 직설법	luke 16:8
ἐπακολουθέω	동사	현재 능동 분사 중성 복수 속격	mark 16:20
ἐπαναπαύομαι	동사	3인칭 단수 미래 수동 직설법	luke 10:6
ἐπάρατος	형용사	남성 복수 주격	john 7:49
ἐπειδήπερ	접속사		luke 1:1
ἐπεισέρχομαι	동사	3인칭 단수 미래 중간 직설법	luke 21:35
ἐπενδύτης	명사	남성 단수 대격	john 21:7
ἐπέχω	동사	현재 능동 분사 남성 단수 주격	luke 14:7
ἐπηρεάζω	동사	현재 능동 분사 남성 복수 속격	luke 6:28
ἐπιβαίνω	동사	완료 능동 분사 남성 단수 주격	matthew 21:5
ἐπιγαμβρεύω	동사	3인칭 단수 미래 능동 직설법	matthew 22:24
ἐπίγειος	형용사	중성 복수 대격	john 3:12
ἐπιγράφω	동사	완료 수동 분사 여성 단수 주격	mark 15:26
ἐπικαθίζω	동사	3인칭 단수 부정과거 능동 직설법	matthew 21:7
ἐπικαλέω	동사	3인칭 복수 부정과거 능동 직설법	matthew 10:25
ἐπικρίνω	동사	3인칭 단수 부정과거 능동 직설법	luke 23:24
ἐπιλέγω	동사	현재 수동 분사 여성 단수 주격	john 5:2
ἐπιλείχω	동사	3인칭 복수 미완료 능동 직설법	luke 16:21
ἐπιλύω	동사	3인칭 단수 미완료 능동 직설법	mark 4:34
ἐπιμελῶς	부사		luke 15:8
ἐπιορκέω	동사	2인칭 단수 미래 능동 직설법	matthew 5:33
ἐπιπορεύομαι	동사	현재 중간 분사 남성 복수 속격	luke 8:4
ἐπιράπτω	동사	3인칭 단수 현재 능동 직설법	mark 2:21
ἐπιρίπτω	동사	부정과거 능동 분사 남성 복수 주격	luke 19:35
ἐπίσημος	형용사	남성 단수 대격	matthew 27:16
ἐπισιτισμός	명사	남성 단수 대격	luke 9:12
ἐπισκοπή	명사	여성 단수 속격	luke 19:44
ἐπισπείρω	동사	3인칭 단수 부정과거 능동 직설법	matthew 13:25
ἐπίσταμαι	동사	1인칭 단수 현재 중간 직설법	mark 14:68
ἐπισυντρέχω	동사	3인칭 단수 현재 능동 직설법	mark 9:25
ἐπισχύω	동사	3인칭 복수 미완료 능동 직설법	luke 23:5
ἐπιφαίνω	동사	부정과거 능동 부정사	luke 1:79
ἐπιφωνέω	동사	3인칭 복수 미완료 능동 직설법	luke 23:21
ἐπιχειρέω	동사	3인칭 복수 부정과거 능동 직설법	luke 1:1
ἐπιχέω	동사	현재 능동 분사 남성 단수 주격	luke 10:34
ἐπουράνιος	형용사	중성 복수 대격	john 3:12
ἐργασία	명사	여성 단수 대격	luke 12:58
ἐρεύγομαι	동사	1인칭 단수 미래 중간 직설법	matthew 13:35
ἐρίζω	동사	3인칭 단수 미래 능동 직설법	matthew 12:19
ἐρίφιον	명사	중성 복수 대격	matthew 25:33
ἔσθω	동사	현재 능동 분사 남성 단수 주격	mark 1:6
Ἑσλί	명사	남성 단수 속격	luke 3:25
ἑσπέρα	명사	여성 단수 대격	luke 24:29
ἐσχάτως	부사		mark 5:23
εὖγε	소사		luke 19:17
εὐγενής	형용사	남성 단수 주격	luke 19:12
εὐδία	명사	여성 단수 주격	matthew 16:2
εὐεργέτης	명사	남성 복수 주격	luke 22:25
εὐθύνω	동사	2인칭 복수 부정과거 능동	john 1:23
εὐκαιρέω	동사	3인칭 복수 미완료 능동 직설법	mark 6:31
εὔκαιρος	형용사	여성 단수 속격	mark 6:21
εὐκαίρως	부사		mark 14:11
εὐλαβής	형용사	남성 단수 주격	luke 2:25
εὐνοέω	동사	현재 능동 분사 남성 단수 주격	matthew 5:25
εὐρύχωρος	형용사	여성 단수 주격	matthew 7:13
εὐσχήμων	형용사	남성 단수 주격	mark 15:43
εὐτόνως	부사		luke 23:10
εὐφορέω	동사	3인칭 단수 부정과거 능동 직설법	luke 12:16
ἐφοράω	동사	3인칭 단수 부정과거 능동 직설법	luke 1:25
Ἐφραίμ	명사	남성 단수 대격	john 11:54
ἐχθές	부사		john 4:52
ἔχθρα	명사	여성 단수 여격	luke 23:12
ζῆλος	명사	남성 단수 주격	john 2:17
Ζηλωτής	명사	남성 단수 대격	luke 6:15
ζήτησις	명사	여성 단수 주격	john 3:25
ζωγρέω	동사	현재 능동 분사 남성 단수 주격	luke 5:10
ζῳογονέω	동사	3인칭 단수 미래 능동 직설법	luke 17:33
ἡγεμονία	명사	여성 단수 속격	luke 3:1
ἡδονή	명사	여성 복수 속격	luke 8:14
ἡμιθανής	형용사	남성 단수 대격	luke 10:30
ἤπερ	접속사		john 12:43
Ἤρ	명사	남성 단수 속격	luke 3:28
θανάσιμον	형용사	중성 단수 대격	mark 16:18
Θάρα	명사	남성 단수 속격	luke 3:34
θαυμάσιος	형용사	중성 복수 대격	matthew 21:15
θεῖον	명사	중성 단수 대격	luke 17:29
θεμελιόω	동사	3인칭 단수 과거완료 수동 직설법	matthew 7:25
θεοσεβής	형용사	남성 단수 주격	john 9:31
θεωρία	명사	여성 단수 대격	luke 23:48
θήκη	명사	여성 단수 대격	john 18:11
θηρεύω	동사	부정과거 능동 부정사	luke 11:54
θηρίον	명사	중성 복수 속격	mark 1:13
θορυβάζω	동사	2인칭 단수 현재 수동 직설법	luke 10:41
θραύω	동사	완료 수동 분사 남성 복수 대격	luke 4:18
θρέμμα	명사	중성 복수 주격	john 4:12
θρόμβος	명사	남성 복수 주격	luke 22:44
θυμιάω	동사	부정과거 능동 부정사	luke 1:9
θυμόομαι	동사	3인칭 단수 부정과거 수동 직설법	matthew 2:16
θυμός	명사	남성 단수 속격	luke 4:28
Ἰανναί	명사	남성 단수 속격	luke 3:24
Ἰάρετ	명사	남성 단수 속격	luke 3:37
ἴασις	명사	여성 복수 대격	luke 13:32
ἱδρώς	명사	남성 단수 주격	luke 22:44
ἱερατεία	명사	여성 단수 속격	luke 1:9
ἱερατεύω	동사	현재 능동 부정사	luke 1:8
ἰκμάς	명사	여성 단수 대격	luke 8:6
ἱλάσκομαι	동사	2인칭 단수 부정과거 수동	luke 18:13
ἵλεως	형용사	남성 단수 주격	matthew 16:22
ἰσάγγελος	형용사	남성 복수 주격	luke 20:36
Ἰσραηλίτης	명사	남성 단수 주격	john 1:47
ἴσως	부사		luke 20:13
Ἰωανάν	명사	남성 단수 속격	luke 3:27
Ἰωβήλ	명사	남성 단수 속격	luke 3:32
Ἰωδά	명사	남성 단수 속격	luke 3:26
Ἰωνάμ	명사	남성 단수 속격	luke 3:30
Ἰωρίμ	명사	남성 단수 속격	luke 3:29
Ἰωσήχ	명사	남성 단수 속격	luke 3:26
ἰῶτα	명사	중성 단수 주격	matthew 5:18
καθά	접속사		matthew 27:10
καθαίρω	동사	3인칭 단수 현재 능동 직설법	john 15:2
καθίημι	동사	3인칭 복수 부정과거 능동 직설법	luke 5:19
καθοπλίζω	동사	완료 중간 분사 남성 단수 주격	luke 11:21
καίτοιγε	접속사		john 4:2
κακία	명사	여성 단수 주격	matthew 6:34
καμμύω	동사	3인칭 복수 부정과거 능동 직설법	matthew 13:15
καταβαρύνομαι	동사	현재 수동 분사 남성 복수 주격	mark 14:40
κατάβασις	명사	여성 단수 여격	luke 19:37
καταβιβάζω	동사	2인칭 단수 미래 수동 직설법	luke 10:15
κατάγω	동사	부정과거 능동 분사 남성 복수 주격	luke 5:11
καταδέω	동사	3인칭 단수 부정과거 능동 직설법	luke 10:34
καταδιώκω	동사	3인칭 단수 부정과거 능동 직설법	mark 1:36
καταθεματίζω	동사	현재 능동 부정사	matthew 26:74
καταισχύνω	동사	3인칭 복수 미완료 수동 직설법	luke 13:17
κατακλείω	동사	3인칭 단수 부정과거 능동 직설법	luke 3:20
κατακολουθέω	동사	부정과거 능동 분사 여성 복수 주격	luke 23:55
κατακόπτω	동사	현재 능동 분사 남성 단수 주격	mark 5:5
κατακρημνίζω	동사	부정과거 능동 부정사	luke 4:29
καταλιθάζω	동사	3인칭 단수 미래 능동 직설법	luke 20:6
καταμανθάνω	동사	2인칭 복수 부정과거 능동	matthew 6:28
κατανεύω	동사	3인칭 복수 부정과거 능동 직설법	luke 5:7
καταξιόω	동사	부정과거 수동 분사 남성 복수 주격	luke 20:35
καταπίνω	동사	현재 능동 분사 남성 복수 호격	matthew 23:24
καταπίπτω	동사	3인칭 단수 부정과거 능동 직설법	luke 8:6
καταπλέω	동사	3인칭 복수 부정과거 능동 직설법	luke 8:26
καταργέω	동사	3인칭 단수 현재 능동 직설법	luke 13:7
κατασύρω	동사	3인칭 단수 현재 능동 가정법	luke 12:58
κατασφάζω	동사	2인칭 복수 부정과거 능동	luke 19:27
καταψύχω	동사	3인칭 단수 부정과거 능동 가정법	luke 16:24
κατευθύνω	동사	부정과거 능동 부정사	luke 1:79
κατευλογέω	동사	3인칭 단수 미완료 능동 직설법	mark 10:16
κατηγορία	명사	여성 단수 대격	john 18:29
κατηχέω	동사	2인칭 단수 부정과거 수동 직설법	luke 1:4
κατοίκησις	명사	여성 단수 대격	mark 5:3
κατωτέρω	부사		matthew 2:16
Κεδρών	명사	남성 단수 속격	john 18:1
κειρία	명사	여성 복수 여격	john 11:44
κέραμος	명사	남성 복수 속격	luke 5:19
κέρας	명사	중성 단수 대격	luke 1:69
κεράτιον	명사	중성 복수 속격	luke 15:16
κέρμα	명사	중성 복수 대격	john 2:15
κερματιστής	명사	남성 복수 대격	john 2:14
κεφαλιόω	동사	3인칭 복수 부정과거 능동 직설법	mark 12:4
κηπουρός	명사	남성 단수 주격	john 20:15
κῆτος	명사	중성 단수 속격	matthew 12:40
Κηφᾶς	명사	남성 단수 주격	john 1:42
κινδυνεύω	동사	3인칭 복수 미완료 능동 직설법	luke 8:23
κίχρημι	동사	2인칭 단수 부정과거 능동	luke 11:5
κλάσις	명사	여성 단수 여격	luke 24:35
Κλεοπᾶς	명사	남성 단수 주격	luke 24:18
κλητός	형용사	남성 복수 주격	matthew 22:14
κλισία	명사	여성 복수 대격	luke 9:14
κλύδων	명사	남성 단수 여격	luke 8:24
κοίμησις	명사	여성 단수 속격	john 11:13
κοίτη	명사	여성 단수 대격	luke 11:7
κόκκινος	형용사	여성 단수 대격	matthew 27:28
κόλασις	명사	여성 단수 대격	matthew 25:46
κομψότερον	형용사	중성 단수 대격 비교급	john 4:52
κονιάω	동사	완료 수동 분사 남성 복수 여격	matthew 23:27
κοπρία	명사	여성 단수 대격	luke 14:35
κόπριον	명사	중성 복수 대격	luke 13:8
κόραξ	명사	남성 복수 대격	luke 12:24
Κορβᾶν	명사	남성 단수 주격	mark 7:11
κορβανᾶς	명사	남성 단수 대격	matthew 27:6
κόρος	명사	남성 복수 대격	luke 16:7
κραιπάλη	명사	여성 단수 여격	luke 21:34
κράτιστος	형용사	남성 단수 호격 최상급	luke 1:3
κράτος	명사	중성 단수 대격	luke 1:51
κρύπτη	명사	여성 단수 대격	luke 11:33
κτῆνος	명사	중성 단수 대격	luke 10:34
κυλίομαι	동사	3인칭 단수 미완료 중간 직설법	mark 9:20
κύμινον	명사	중성 단수 대격	matthew 23:23
κύπτω	동사	부정과거 능동 분사 남성 단수 주격	mark 1:7
Κυρήνιος	명사	남성 단수 속격	luke 2:2
κυριεύω	동사	3인칭 복수 현재 능동 직설법	luke 22:25
κωμόπολις	명사	여성 복수 대격	mark 1:38
κώνωψ	명사	남성 단수 대격	matthew 23:24
Κωσάμ	명사	남성 단수 속격	luke 3:28
Λάμεχ	명사	남성 단수 속격	luke 3:36
λαμπρός	형용사	여성 단수 대격	luke 23:11
λαμπρῶς	부사		luke 16:19
λαξευτός	형용사	중성 단수 여격	luke 23:53
λατρεία	명사	여성 단수 대격	john 16:2
λεῖος	형용사	여성 복수 대격	luke 3:5
λείπω	동사	3인칭 단수 현재 능동 직설법	luke 18:22
λειτουργία	명사	여성 단수 속격	luke 1:23
Λευίς	명사	남성 단수 주격	luke 5:29
λευκαίνω	동사	부정과거 능동 부정사	mark 9:3
ληνός	명사	여성 단수 대격	matthew 21:33
λῆρος	명사	남성 단수 주격	luke 24:11
λίβανος	명사	남성 단수 대격	matthew 2:11
λιθόστρωτος	형용사	남성 단수 대격	john 19:13
λίνον	명사	중성 단수 대격	matthew 12:20
λόγχη	명사	여성 단수 여격	john 19:34
λοιδορέω	동사	3인칭 복수 부정과거 능동 직설법	john 9:28
λοιμός	명사	남성 복수 주격	luke 21:11
λούω	동사	완료 중간 분사 남성 단수 주격	john 13:10
λυσιτελεῖ	동사	3인칭 단수 현재 능동 직설법	luke 17:2
λυτρόομαι	동사	현재 중간 부정사	luke 24:21
Μάαθ	명사	남성 단수 속격	luke 3:26
Μαθουσαλά	명사	남성 단수 속격	luke 3:37
μαίνομαι	동사	3인칭 단수 현재 중간 직설법	john 10:20
μακαρίζω	동사	3인칭 복수 미래 능동 직설법	luke 1:48
Μαλελεήλ	명사	남성 단수 속격	luke 3:37
Μάλχος	명사	남성 단수 주격	john 18:10
Ματταθά	명사	남성 단수 속격	luke 3:31
μάχομαι	동사	3인칭 복수 미완료 중간 직설법	john 6:52
μεγαλειότης	명사	여성 단수 여격	luke 9:43
μεγιστάν	명사	남성 복수 여격	mark 6:21
μέθη	명사	여성 단수 여격	luke 21:34
μεθίστημι	동사	1인칭 단수 부정과거 수동 가정법	luke 16:4
μεθύσκομαι	동사	현재 수동 부정사	luke 12:45
μέλας	형용사	여성 단수 대격	matthew 5:36
Μελεά	명사	남성 단수 속격	luke 3:31
Μεννά	명사	남성 단수 속격	luke 3:31
μενοῦν	소사		luke 11:28
μερίς	명사	여성 단수 대격	luke 10:42
μεριστής	명사	남성 단수 대격	luke 12:14
μεσόω	동사	현재 능동 분사 여성 단수 속격	john 7:14
μετεωρίζομαι	동사	2인칭 복수 현재 중간	luke 12:29
μέτοχος	형용사	남성 복수 여격	luke 5:7
μηκύνομαι	동사	3인칭 단수 현재 중간 가정법	mark 4:27
μήτρα	명사	여성 단수 대격	luke 2:23
μιαίνω	동사	3인칭 복수 부정과거 수동 가정법	john 18:28
μίγμα	명사	중성 단수 대격	john 19:39
μίλιον	명사	중성 단수 대격	matthew 5:41
μογιλάλος	형용사	남성 단수 대격	mark 7:32
μόγις	부사		luke 9:39
μοιχός	명사	남성 복수 주격	luke 18:11
μόνον	부사		matthew 10:42
μορφή	명사	여성 단수 여격	mark 16:12
μυλικός	형용사	남성 단수 주격	luke 17:2
μυριάς	명사	여성 복수 속격	luke 12:1
μύριοι	형용사	중성 복수 속격	matthew 18:24
Ναγγαί	명사	남성 단수 속격	luke 3:25
Ναθάμ	명사	남성 단수 속격	luke 3:31
Ναιμάν	명사	남성 단수 주격	luke 4:27
Ναούμ	명사	남성 단수 속격	luke 3:25
Ναχώρ	명사	남성 단수 속격	luke 3:34
νεύω	동사	3인칭 단수 현재 능동 직설법	john 13:24
Νηρί	명사	남성 단수 속격	luke 3:27
νηστεία	명사	여성 복수 여격	luke 2:37
νῖκος	명사	중성 단수 대격	matthew 12:20
νομή	명사	여성 단수 대격	john 10:9
νόμισμα	명사	중성 단수 대격	matthew 22:19
νομοδιδάσκαλος	명사	남성 복수 주격	luke 5:17
νοσσιά	명사	여성 단수 대격	luke 13:34
νοσσίον	명사	중성 복수 대격	matthew 23:37
νοσσός	명사	남성 복수 대격	luke 2:24
νουνεχῶς	부사		mark 12:34
νοῦς	명사	남성 단수 대격	luke 24:45
νύσσω	동사	3인칭 단수 부정과거 능동 직설법	john 19:34
νυστάζω	동사	3인칭 복수 부정과거 능동 직설법	matthew 25:5
ὄγδοος	형용사	여성 단수 여격	luke 1:59
ὅδε	지시대명사	여성 단수 여격	luke 10:39
ὁδεύω	동사	현재 능동 분사 남성 단수 주격	luke 10:33
ὁδοιπορία	명사	여성 단수 속격	john 4:6
ὀδυρμός	명사	남성 단수 주격	matthew 2:18
ὄζω	동사	3인칭 단수 현재 능동 직설법	john 11:39
οἰκετεία	명사	여성 단수 속격	matthew 24:45
οἰκέτης	명사	남성 단수 주격	luke 16:13
οἰκονομέω	동사	현재 능동 부정사	luke 16:2
οἶμαι	동사	1인칭 단수 현재 중간 직설법	john 21:25
ὀκνηρός	형용사	남성 단수 호격	matthew 25:26
ὀλιγοπιστία	명사	여성 단수 대격	matthew 17:20
ὁλοκαύτωμα	명사	중성 복수 속격	mark 12:33
ὅλως	부사		matthew 5:34
ὄμβρος	명사	남성 단수 주격	luke 12:54
ὁμοιάζω	동사	3인칭 단수 현재 능동 직설법	mark 14:70
ὅμως	부사		john 12:42
ὀνάριον	명사	중성 단수 대격	john 12:14
ὄνειδος	명사	중성 단수 대격	luke 1:25
ὅπλον	명사	중성 복수 속격	john 18:3
ὁπότε	접속사		luke 6:3
ὀπτός	형용사	남성 단수 속격	luke 24:42
ὅραμα	명사	중성 단수 대격	matthew 17:9
ὀρθρίζω	동사	3인칭 단수 미완료 능동 직설법	luke 21:38
ὀρθρινός	형용사	여성 복수 주격	luke 24:22
ὄρθρος	명사	남성 단수 속격	luke 24:1
ὁρίζω	동사	완료 수동 분사 중성 단수 대격	luke 22:22
ὁρκίζω	동사	1인칭 단수 현재 능동 직설법	mark 5:7
ὀρφανός	형용사	남성 복수 대격	john 14:18
ὁσιότης	명사	여성 단수 여격	luke 1:75
ὀσμή	명사	여성 단수 속격	john 12:3
οὐά	소사		mark 15:29
οὐδαμῶς	부사		matthew 2:6
οὐκοῦν	접속사		john 18:37
ὀφειλή	명사	여성 단수 대격	matthew 18:32
ὀφείλημα	명사	중성 복수 대격	matthew 6:12
ὀφρῦς	명사	여성 단수 속격	luke 4:29
ὀψώνιον	명사	중성 복수 여격	luke 3:14
παγιδεύω	동사	3인칭 복수 부정과거 능동 가정법	matthew 22:15
παγίς	명사	여성 단수 주격	luke 21:35
παιδάριον	명사	중성 단수 주격	john 6:9
παιδιόθεν	부사		mark 9:21
παλαιόω	동사	현재 수동 분사 중성 복수 대격	luke 12:33
παλιγγενεσία	명사	여성 단수 여격	matthew 19:28
παμπληθεί	부사		luke 23:18
πανδοχεῖον	명사	중성 단수 대격	luke 10:34
πανδοχεύς	명사	남성 단수 여격	luke 10:35
πανοπλία	명사	여성 단수 대격	luke 11:22
πανουργία	명사	여성 단수 대격	luke 20:23
παντελής	형용사	중성 단수 대격	luke 13:11
πάντως	부사		luke 4:23
παραβιάζομαι	동사	3인칭 복수 부정과거 중간 직설법	luke 24:29
παράδεισος	명사	남성 단수 여격	luke 23:43
παραδέχομαι	동사	3인칭 복수 현재 중간 직설법	mark 4:20
παράδοξος	형용사	중성 복수 대격	luke 5:26
παραθαλάσσιος	형용사	여성 단수 대격	matthew 4:13
παρακαθέζομαι	동사	부정과거 수동 분사 여성 단수 주격	luke 10:39
παρακαλύπτομαι	동사	완료 수동 분사 중성 단수 주격	luke 9:45
παράλιος	형용사	여성 단수 속격	luke 6:17
παρατήρησις	명사	여성 단수 속격	luke 17:20
παρεκτός	전치사		matthew 5:32
παρεμβάλλω	동사	3인칭 복수 미래 능동 직설법	luke 19:43
παρθενία	명사	여성 단수 속격	luke 2:36
παροικέω	동사	2인칭 단수 현재 능동 직설법	luke 24:18
παρομοιάζω	동사	2인칭 복수 현재 능동 직설법	matthew 23:27
παρόμοιος	형용사	중성 복수 대격	mark 7:13
πατριά	명사	여성 단수 속격	luke 2:4
παχύνομαι	동사	3인칭 단수 부정과거 수동 직설법	matthew 13:15
πεδινός	형용사	남성 단수 속격	luke 6:17
πέλαγος	명사	중성 단수 여격	matthew 18:6
πενθερός	명사	남성 단수 주격	john 18:13
πενιχρός	형용사	여성 단수 대격	luke 21:2
πεντακόσιοι	형용사	중성 복수 대격	luke 7:41
πεντεκαιδέκατος	형용사	중성 단수 여격	luke 3:1
περιάπτω	동사	부정과거 능동 분사 남성 복수 속격	luke 22:55
περιδέω	동사	3인칭 단수 과거완료 수동 직설법	john 11:44
περιέχω	동사	3인칭 단수 부정과거 능동 직설법	luke 5:9
περιΐστημι	동사	완료 능동 분사 남성 단수 대격	john 11:42
περικρύβω	동사	3인칭 단수 미완료 능동 직설법	luke 1:24
περικυκλόω	동사	3인칭 복수 미래 능동 직설법	luke 19:43
περιλάμπω	동사	3인칭 단수 부정과거 능동 직설법	luke 2:9
περιοικέω	동사	현재 능동 분사 남성 복수 대격	luke 1:65
περίοικος	형용사	남성 복수 주격	luke 1:58
περιπίπτω	동사	3인칭 단수 부정과거 능동 직설법	luke 10:30
περιποιέομαι	동사	부정과거 중간 부정사	luke 17:33
περισπάομαι	동사	3인칭 단수 미완료 수동 직설법	luke 10:40
περισσότερον	부사		mark 7:36
περιτρέχω	동사	3인칭 복수 부정과거 능동 직설법	mark 6:55
περιφέρω	동사	현재 능동 부정사	mark 6:55
πήγανον	명사	중성 단수 대격	luke 11:42
πιέζω	동사	완료 수동 분사 중성 단수 대격	luke 6:38
πινακίδιον	명사	중성 단수 대격	luke 1:63
πλάνη	명사	여성 단수 주격	matthew 27:64
πλάνος	형용사	남성 단수 주격	matthew 27:63
πλατύνω	동사	3인칭 복수 현재 능동 직설법	matthew 23:5
πλέω	동사	현재 능동 분사 남성 복수 속격	luke 8:23
πληθύνω	동사	부정과거 수동 부정사	matthew 24:12
πλήμμυρα	명사	여성 단수 속격	luke 6:48
πληροφορέω	동사	완료 수동 분사 중성 복수 속격	luke 1:1
πλύνω	동사	3인칭 복수 미완료 능동 직설법	luke 5:2
ποίμνιον	명사	중성 단수 주격	luke 12:32
πολλαπλασίων	형용사	중성 복수 대격	luke 18:30
πολυλογία	명사	여성 단수 여격	matthew 6:7
πολυτελής	형용사	여성 단수 속격	mark 14:3
Πόντιος	명사	남성 단수 속격	luke 3:1
πορεία	명사	여성 단수 대격	luke 13:22
πόρρωθεν	부사		luke 17:12
πορρώτερον	부사		luke 24:28
πόσις	명사	여성 단수 주격	john 6:55
πότερον	부사		john 7:17
πραγματεύομαι	동사	2인칭 복수 부정과거 중간	luke 19:13
πρέπω	동사	현재 능동 분사 중성 단수 주격	matthew 3:15
πρεσβυτέριον	명사	중성 단수 주격	luke 22:66
πρεσβύτης	명사	남성 단수 주격	luke 1:18
προαύλιον	명사	중성 단수 대격	mark 14:68
προβάλλω	동사	3인칭 복수 부정과거 능동 가정법	luke 21:30
προβατικός	형용사	여성 단수 여격	john 5:2
προβιβάζω	동사	부정과거 수동 분사 여성 단수 주격	matthew 14:8
προδότης	명사	남성 단수 주격	luke 6:16
προκόπτω	동사	3인칭 단수 미완료 능동 직설법	luke 2:52
προλαμβάνω	동사	3인칭 단수 부정과거 능동 직설법	mark 14:8
προμελετάω	동사	현재 능동 부정사	luke 21:14
προμεριμνάω	동사	2인칭 복수 현재 능동	mark 13:11
προσάββατον	명사	중성 단수 주격	mark 15:42
προσάγω	동사	2인칭 단수 부정과거 능동	luke 9:41
προσαιτέω	동사	현재 능동 분사 남성 단수 주격	john 9:8
προσαναβαίνω	동사	2인칭 단수 부정과거 능동	luke 14:10
προσαναλίσκω	동사	부정과거 능동 분사 여성 단수 주격	luke 8:43
προσδαπανάω	동사	2인칭 단수 부정과거 능동 가정법	luke 10:35
προσδοκία	명사	여성 단수 속격	luke 21:26
προσεργάζομαι	동사	3인칭 단수 부정과거 중간 직설법	luke 19:16
προσήλυτος	명사	남성 단수 대격	matthew 23:15
προσκαρτερέω	동사	3인칭 단수 현재 능동 가정법	mark 3:9
προσκεφάλαιον	명사	중성 단수 대격	mark 4:38
προσκολλάομαι	동사	3인칭 단수 미래 수동 직설법	mark 10:7
προσκυνητής	명사	남성 복수 주격	john 4:23
προσορμίζομαι	동사	3인칭 복수 부정과거 수동 직설법	mark 6:53
προσποιέομαι	동사	3인칭 단수 부정과거 중간 직설법	luke 24:28
προσπορεύομαι	동사	3인칭 복수 현재 중간 직설법	mark 10:35
προσφάγιον	명사	중성 단수 대격	john 21:5
προσψαύω	동사	2인칭 복수 현재 능동 직설법	luke 11:46
προϋπάρχω	동사	3인칭 복수 미완료 능동 직설법	luke 23:12
προφητεία	명사	여성 단수 주격	matthew 13:14
προφῆτις	명사	여성 단수 주격	luke 2:36
προφθάνω	동사	3인칭 단수 부정과거 능동 직설법	matthew 17:25
πρύμνα	명사	여성 단수 여격	mark 4:38
πρωτότοκος	형용사	남성 단수 대격	luke 2:7
πτέρνα	명사	여성 단수 대격	john 13:18
πτύσμα	명사	중성 단수 속격	john 9:6
πτύσσω	동사	부정과거 능동 분사 남성 단수 주격	luke 4:20
πυγμή	명사	여성 단수 여격	mark 7:3
πυκνά	형용사	중성 복수 대격	luke 5:33
πώρωσις	명사	여성 단수 여격	mark 3:5
Ῥαγαύ	명사	남성 단수 속격	luke 3:35
ῥακά	명사	남성 단수 호격	matthew 5:22
Ῥαμά	명사	여성 단수 여격	matthew 2:18
Ῥαχήλ	명사	여성 단수 주격	matthew 2:18
ῥέω	동사	3인칭 복수 미래 능동 직설법	john 7:38
ῥῆγμα	명사	중성 단수 주격	luke 6:49
Ῥησά	명사	남성 단수 속격	luke 3:27
ῥομφαία	명사	여성 단수 주격	luke 2:35
Ῥωμαῖος	형용사	남성 복수 주격	john 11:48
Ῥωμαϊστί	부사		john 19:20
Σαλείμ	명사	중성 단수 속격	john 3:23
σάλος	명사	남성 단수 속격	luke 21:25
σάλπιγξ	명사	여성 단수 속격	matthew 24:31
σαλπίζω	동사	2인칭 단수 부정과거 능동 가정법	matthew 6:2
σανδάλιον	명사	중성 복수 대격	mark 6:9
Σάρεπτα	명사	중성 복수 대격	luke 4:26
Σεμεΐν	명사	남성 단수 속격	luke 3:26
Σερούχ	명사	남성 단수 속격	luke 3:35
Σήθ	명사	남성 단수 속격	luke 3:38
Σήμ	명사	남성 단수 속격	luke 3:36
Σιδώνιος	형용사	여성 단수 속격	luke 4:26
σίκερα	명사	중성 단수 대격	luke 1:15
σινιάζω	동사	부정과거 능동 부정사	luke 22:31
σιτιστός	형용사	중성 복수 주격	matthew 22:4
σιτομέτριον	명사	중성 단수 대격	luke 12:42
σκηνοπηγία	명사	여성 단수 주격	john 7:2
σκηνόω	동사	3인칭 단수 부정과거 능동 직설법	john 1:14
σκολιός	형용사	중성 복수 주격	luke 3:5
σκοπέω	동사	2인칭 단수 현재 능동	luke 11:35
σκῦλα	명사	중성 복수 대격	luke 11:22
σκώληξ	명사	남성 단수 주격	mark 9:48
σμυρνίζω	동사	완료 수동 분사 남성 단수 대격	mark 15:23
σορός	명사	여성 단수 속격	luke 7:14
Σουσάννα	명사	여성 단수 주격	luke 8:3
σπάομαι	동사	부정과거 중간 분사 남성 단수 주격	mark 14:47
σπεκουλάτωρ	명사	남성 단수 대격	mark 6:27
σπλάγχνον	명사	중성 복수 대격	luke 1:78
σπουδαίως	부사		luke 7:4
στασιαστής	명사	남성 복수 속격	mark 15:7
στατήρ	명사	남성 단수 대격	matthew 17:27
στενάζω	동사	3인칭 단수 부정과거 능동 직설법	mark 7:34
στιγμή	명사	여성 단수 여격	luke 4:5
στίλβω	동사	현재 능동 분사 중성 복수 주격	mark 9:3
στρατεύομαι	동사	현재 중간 분사 남성 복수 주격	luke 3:14
στρατιά	명사	여성 단수 속격	luke 2:13
στρατόπεδον	명사	중성 복수 속격	luke 21:20
συγγένεια	명사	여성 단수 속격	luke 1:61
συγγενίς	명사	여성 단수 주격	luke 1:36
συγκάθημαι	동사	현재 중간 분사 남성 단수 주격	mark 14:54
συγκαθίζω	동사	부정과거 능동 분사 남성 복수 속격	luke 22:55
συγκαλύπτω	동사	완료 수동 분사 중성 단수 주격	luke 12:2
συγκατατίθεμαι	동사	완료 중간 분사 남성 단수 주격	luke 23:51
συγκλείω	동사	3인칭 복수 부정과거 능동 직설법	luke 5:6
συγκύπτω	동사	현재 능동 분사 여성 단수 주격	luke 13:11
συγκυρία	명사	여성 단수 대격	luke 10:31
συγχράομαι	동사	3인칭 복수 현재 중간 직설법	john 4:9
συκάμινος	명사	여성 단수 여격	luke 17:6
συκομορέα	명사	여성 단수 대격	luke 19:4
συλλογίζομαι	동사	3인칭 복수 부정과거 중간 직설법	luke 20:5
συλλυπέομαι	동사	현재 중간 분사 남성 단수 주격	mark 3:5
συμμαθητής	명사	남성 복수 여격	john 11:16
συμπαραγίνομαι	동사	부정과거 중간 분사 남성 복수 주격	luke 23:48
συμπίπτω	동사	3인칭 단수 부정과거 능동 직설법	luke 6:49
συμφύομαι	동사	부정과거 수동 분사 여성 복수 주격	luke 8:7
συμφωνία	명사	여성 단수 속격	luke 15:25
συναναβαίνω	동사	부정과거 능동 분사 여성 복수 주격	mark 15:41
συναντιλαμβάνομαι	동사	3인칭 단수 부정과거 중간 가정법	luke 10:40
συναποθνῄσκω	동사	부정과거 능동 부정사	mark 14:31
συναρπάζω	동사	3인칭 단수 과거완료 능동 직설법	luke 8:29
συναυξάνομαι	동사	현재 수동 부정사	matthew 13:30
συνεργέω	동사	현재 능동 분사 남성 단수 속격	mark 16:20
συνεσθίω	동사	3인칭 단수 현재 능동 직설법	luke 15:2
συνευδοκέω	동사	2인칭 복수 현재 능동 직설법	luke 11:48
συνήθεια	명사	여성 단수 주격	john 18:39
συνίστημι	동사	완료 능동 분사 남성 복수 대격	luke 9:32
συνοδία	명사	여성 단수 여격	luke 2:44
συνοχή	명사	여성 단수 주격	luke 21:25
συντόμως	부사		mark 16:8
συντρέχω	동사	3인칭 복수 부정과거 능동 직설법	mark 6:33
συντυγχάνω	동사	부정과거 능동 부정사	luke 8:19
Σύρος	명사	남성 단수 주격	luke 4:27
Συροφοινίκισσα	명사	여성 단수 주격	mark 7:26
σύρω	동사	현재 능동 분사 남성 복수 주격	john 21:8
σύσσημον	명사	중성 단수 대격	mark 14:44
συστρέφω	동사	현재 수동 분사 남성 복수 속격	matthew 17:22
σχοινίον	명사	중성 복수 속격	john 2:15
σχολάζω	동사	현재 능동 분사 남성 단수 대격	matthew 12:44
σωματικός	형용사	중성 단수 여격	luke 3:22
τάξις	명사	여성 단수 여격	luke 1:8
ταπείνωσις	명사	여성 단수 대격	luke 1:48
ταῦρος	명사	남성 복수 주격	matthew 22:4
τάχος	명사	중성 단수 여격	luke 18:8
τεκνίον	명사	중성 복수 호격	john 13:33
τελείωσις	명사	여성 단수 주격	luke 1:45
τελεσφορέω	동사	3인칭 복수 현재 능동 직설법	luke 8:14
τελευτή	명사	여성 단수 속격	matthew 2:15
τεταρταῖος	형용사	남성 단수 주격	john 11:39
τετράμηνος	형용사	남성 단수 주격	john 4:35
τετραπλοῦς	형용사	중성 단수 대격	luke 19:8
τηλαυγῶς	부사		mark 8:25
Τιβέριος	명사	남성 단수 속격	luke 3:1
τοίνυν	접속사		luke 20:25
τοὔνομα	명사	중성 단수 대격	matthew 27:57
τραπεζίτης	명사	남성 복수 여격	matthew 25:27
τραῦμα	명사	중성 복수 대격	luke 10:34
τραυματίζω	동사	부정과거 능동 분사 남성 복수 주격	luke 20:12
τραχύς	형용사	여성 복수 주격	luke 3:5
τρῆμα	명사	중성 단수 속격	luke 18:25
τρίβολος	명사	남성 복수 속격	matthew 7:16
τρίτον	부사		luke 20:12
τρόμος	명사	남성 단수 주격	mark 16:8
τρυγάω	동사	3인칭 복수 현재 능동 직설법	luke 6:44
τρυγών	명사	여성 복수 속격	luke 2:24
τρυμαλιά	명사	여성 단수 속격	mark 10:25
τρύπημα	명사	중성 단수 속격	matthew 19:24
τρυφή	명사	여성 단수 여격	luke 7:25
τυγχάνω	동사	부정과거 능동 부정사	luke 20:35
τυφλόω	동사	3인칭 단수 완료 능동 직설법	john 12:40
τύφομαι	동사	현재 수동 분사 중성 단수 대격	matthew 12:20
ὑγρός	형용사	중성 단수 여격	luke 23:31
ὑδρωπικός	형용사	남성 단수 주격	luke 14:2
ὑπερεκχύννομαι	동사	현재 수동 분사 중성 단수 대격	luke 6:38
ὑπερηφανία	명사	여성 단수 주격	mark 7:22
ὑπερήφανος	형용사	남성 복수 대격	luke 1:51
ὑπερπερισσῶς	부사		mark 7:37
ὑπόδειγμα	명사	중성 단수 대격	john 13:15
ὑποδέομαι	동사	완료 중간 분사 남성 복수 대격	mark 6:9
ὑποζύγιον	명사	중성 단수 속격	matthew 21:5
ὑποκρίνομαι	동사	현재 중간 분사 남성 복수 대격	luke 20:20
ὑπολήνιον	명사	중성 단수 대격	mark 12:1
ὑποστρωννύω	동사	3인칭 복수 미완료 능동 직설법	luke 19:36
ὑπωπιάζω	동사	3인칭 단수 현재 능동 가정법	luke 18:5
ὕσσωπος	명사	여성 단수 여격	john 19:29
ὑστέρημα	명사	중성 단수 속격	luke 21:4
ὑστέρησις	명사	여성 단수 속격	mark 12:44
ὑφαντός	형용사	남성 단수 주격	john 19:23
Φάλεκ	명사	남성 단수 속격	luke 3:35
φανός	명사	남성 복수 속격	john 18:3
Φανουήλ	명사	남성 단수 속격	luke 2:36
φάραγξ	명사	여성 단수 주격	luke 3:5
φιλάργυρος	형용사	남성 복수 주격	luke 16:14
φιλονεικία	명사	여성 단수 주격	luke 22:24
φλόξ	명사	여성 단수 여격	luke 16:24
φόβητρον	명사	중성 복수 주격	luke 21:11
φοῖνιξ	명사	남성 복수 속격	john 12:13
φονεύς	명사	남성 복수 대격	matthew 22:7
φραγέλλιον	명사	중성 단수 대격	john 2:15
φράζω	동사	2인칭 단수 부정과거 능동	matthew 15:15
φρόνησις	명사	여성 단수 여격	luke 1:17
φρονίμως	부사		luke 16:8
φυγή	명사	여성 단수 주격	matthew 24:20
φυλακτήριον	명사	중성 복수 대격	matthew 23:5
φυτεία	명사	여성 단수 주격	matthew 15:13
χαλεπός	형용사	남성 복수 주격	matthew 8:28
Χαναναῖος	형용사	여성 단수 주격	matthew 15:22
χάραξ	명사	남성 단수 대격	luke 19:43
χάριν	전치사		luke 7:47
χαριτόω	동사	완료 수동 분사 여성 단수 호격	luke 1:28
χάσμα	명사	중성 단수 주격	luke 16:26
χείμαρρος	명사	남성 단수 속격	john 18:1
χειροποίητος	형용사	남성 단수 대격	mark 14:58
χιών	명사	여성 단수 주격	matthew 28:3
χλωρός	형용사	남성 단수 여격	mark 6:39
χολάω	동사	2인칭 복수 현재 능동 직설법	john 7:23
χολή	명사	여성 단수 속격	matthew 27:34
χορός	명사	남성 복수 속격	luke 15:25
Χουζᾶς	명사	남성 단수 속격	luke 8:3
χοῦς	명사	남성 단수 대격	mark 6:11
χρίω	동사	3인칭 단수 부정과거 능동 직설법	luke 4:18
ψεύδομαι	동사	현재 중간 분사 남성 복수 주격	matthew 5:11
ψευδόμαρτυς	명사	남성 복수 속격	matthew 26:60
ψεῦδος	명사	중성 단수 대격	john 8:44
ψηλαφάω	동사	2인칭 복수 부정과거 능동	luke 24:39
ψηφίζω	동사	3인칭 단수 현재 능동 직설법	luke 14:28
ψύχομαι	동사	3인칭 단수 미래 수동 직설법	matthew 24:12
ψῦχος	명사	중성 단수 주격	john 18:18
ψυχρός	형용사	중성 단수 속격	matthew 10:42
ψώχω	동사	현재 능동 분사 남성 복수 주격	luke 6:1
ᾠόν	명사	중성 단수 대격	luke 11:12
ὡραῖος	형용사	남성 복수 주격	matthew 23:27
